Date,,CMR,XIC,XIU,XBB,XSB,XIN,XEM,XSP,XQQ,XRE,Absolute,Total,Running ROR,34.20%
"Sep 30 1999",,,,--,,,,,,,,,,,
"Oct 31 1999",,,,6.068816,,,,,,,,,0.00%,,
"Nov 30 1999",,,,3.205680,,,,,,,,,0.00%,,
"Dec 31 1999",,,,11.049525,,,,,,,,,0.00%,,
"Jan 31 2000",,,,0.591165,,,,,,,,,0.00%,,
"Feb 29 2000",,,,4.352470,,,,,,,,,0.00%,,
"Mar 31 2000",,,,9.567974,,,,,,,,,0.00%,,
"Apr 30 2000",,,,-1.555421,,,,,,,,,0.00%,,
"May 31 2000",,,,-0.538429,,,,,,,,,0.00%,,
"Jun 30 2000",,,,11.201241,,,,,,,,,0.00%,,
"Jul 31 2000",,,,3.330382,,,,,,,,,0.00%,,
"Aug 31 2000",,,,7.683552,,,,,,,,,0.00%,,
"Sep 30 2000",,,,-9.873337,,,,,,,,,0.00%,,
"Oct 31 2000",,,,-7.882565,,,,,,,,,0.00%,,
"Nov 30 2000",,,,-7.593151,--,--,,,,,,,,,
"Dec 31 2000",,,,0.805493,0.952725,1.292277,,,,,,,0.00%,,
"Jan 31 2001",,,,4.991224,0.284629,1.009804,,,,,,,0.00%,,
"Feb 28 2001",,,--,-14.726349,0.860106,0.625545,,,,,,,,,
"Mar 31 2001",,,-5.050301,-6.001948,-0.065758,0.389463,,,,,,,0.00%,,
"Apr 30 2001",,,3.554034,3.633311,-2.089585,-0.969848,,,,,,,0.00%,,
"May 31 2001",,,3.495848,2.743894,0.031770,-0.127615,,,--,,,,,,
"Jun 30 2001",,,-4.402451,-5.303564,-0.157522,0.065872,,,-4.338048,,,,0.00%,,
"Jul 31 2001",,,0.151524,0.125735,2.454373,1.937474,,,-0.308257,,,,0.00%,,
"Aug 31 2001",,,-3.165665,-3.200548,2.645372,2.002613,,,-5.000283,,,,0.00%,,
"Sep 30 2001",,,-7.195207,-7.208386,0.557445,1.586795,--,,-6.409979,,,,,,
"Oct 31 2001",,,-0.069580,-0.069872,3.848351,2.633620,3.085186,,2.328688,,,,0.00%,,
"Nov 30 2001",,,8.670990,8.680517,-1.902876,-1.125141,1.590909,,6.627477,,,,0.00%,,
"Dec 31 2001",,,2.706236,2.709976,-0.750430,-0.217746,1.381955,,2.395713,,,,0.00%,,
"Jan 31 2002",,,-0.733202,-0.734521,-0.134299,-0.087997,-5.805546,,-1.888640,,,,0.00%,,
"Feb 28 2002",,,-0.460312,-0.460767,0.893735,0.842207,2.049739,,-1.093830,,,,0.00%,,
"Mar 31 2002",,,2.573207,2.576130,-2.702764,-2.172575,5.105805,,3.103655,,,,0.00%,,
"Apr 30 2002",,,-2.783124,-2.786347,1.730427,1.653395,-1.067591,,-7.622578,,,,0.00%,,
"May 31 2002",,,-0.987214,-0.987960,1.397721,0.890952,-1.156867,,-3.402457,,,,0.00%,,
"Jun 30 2002",,,-6.243168,-6.249881,0.871315,0.985301,-4.933878,,-7.670097,,,,0.00%,,
"Jul 31 2002",,,-7.389916,-7.396727,1.799613,2.014946,-5.601061,,-3.982083,,,,0.00%,,
"Aug 31 2002",,,0.310537,0.310706,2.097329,0.820361,-1.749179,,-0.925143,,,,0.00%,,
"Sep 30 2002",,,-6.885761,-6.891509,1.606337,1.349709,-10.400932,,-9.442102,,,,0.00%,,
"Oct 31 2002",,,1.931006,1.932266,-0.515302,0.218805,4.511339,,7.353590,,--,,,,
"Nov 30 2002",,,6.139813,6.146321,-0.176335,-0.198624,4.721507,,5.916313,,-2.388080,,-2.39%,,
"Dec 31 2002",,,0.392059,0.392705,2.745202,1.735518,-2.855635,,-5.135806,,1.873553,,1.87%,,
"Jan 31 2003",,,-0.601785,-0.602861,-1.253904,-0.886874,-6.815046,,-5.630505,,1.628719,,1.63%,,
"Feb 28 2003",,,0.572812,0.573778,0.985757,0.589416,-4.835029,,-4.212297,,0.964456,,0.96%,,
"Mar 31 2003",,,-2.586614,-2.588582,-0.767798,-0.447372,-3.449835,,-0.344419,,-1.629007,,-1.63%,,
"Apr 30 2003",,,3.569314,3.571373,1.769335,1.223372,7.478138,,5.568525,,1.959835,,1.96%,,
"May 31 2003",,,3.933420,3.936716,4.261106,2.610229,2.356341,,0.735993,,2.940499,,2.94%,,
"Jun 30 2003",,,1.942104,1.943198,-0.064708,0.538625,1.085364,,0.154117,,2.896889,,2.90%,,
"Jul 31 2003",,,3.699461,3.701584,-2.707280,-0.908666,6.328035,,5.395915,,3.679413,,3.68%,,
"Aug 31 2003",,,3.605003,3.608102,0.984490,0.217775,0.669815,,0.379194,,2.330017,,2.33%,,
"Sep 30 2003",,,-1.374042,-1.374733,2.787691,1.864900,0.061122,,-3.816728,,-0.245557,,-0.25%,,
"Oct 31 2003",,,4.800474,4.803150,-1.729802,-0.961660,4.057216,,3.193367,,3.520141,,3.52%,,
"Nov 30 2003",,,0.597456,0.598312,0.343362,0.210944,0.576425,,-0.560973,,3.604252,,3.60%,,
"Dec 31 2003",,,4.867098,4.870334,1.643619,1.319093,7.055775,,4.583708,,0.911760,,0.91%,,
"Jan 31 2004",,,3.995299,3.996812,1.343308,1.475442,4.121063,,4.813367,,4.312619,,4.31%,,
"Feb 29 2004",,,3.018249,3.020174,1.505859,1.197591,2.994389,,2.215225,,4.119761,,4.12%,,
"Mar 31 2004",,,-2.833469,-2.834650,0.639364,0.630572,-1.500573,,-3.573036,,-0.723353,,-0.72%,,
"Apr 30 2004",,,-4.037160,-4.039518,-1.647149,-1.112116,2.425447,,2.946605,,-12.103720,,-12.10%,,
"May 31 2004",,,1.842901,1.844094,-0.816582,-0.960534,-0.258322,,0.548720,,1.481618,,1.48%,,
"Jun 30 2004",,,2.188333,2.190648,-0.099013,-0.069124,0.367470,,0.097212,,4.022280,,4.02%,,
"Jul 31 2004",,,-0.616205,-0.616758,1.125147,0.759198,-4.213320,,-4.191484,,-0.224194,,-0.22%,,
"Aug 31 2004",,,-0.676580,-0.676468,2.008257,1.398631,-0.588815,,-0.486291,,3.587543,,3.59%,,
"Sep 30 2004",,,3.762550,3.764121,0.303397,0.088088,-1.874223,,-2.972585,,1.493646,,1.49%,,
"Oct 31 2004",,,3.035449,3.035549,1.407857,0.731447,-0.560437,,-2.166758,,1.630368,,1.63%,,
"Nov 30 2004",,,1.110701,1.111275,0.546563,0.924999,3.898679,,1.416028,,2.366221,,2.37%,,
"Dec 31 2004",,,2.381858,2.383494,1.471490,0.644459,5.058485,,4.140672,,3.593714,,3.59%,,
"Jan 31 2005",,,-0.950683,-0.951022,0.889739,0.630320,1.761110,,0.995901,,3.226456,,3.23%,,
"Feb 28 2005",,,5.091669,5.092200,-0.101544,0.013194,3.160030,,1.114303,,1.221969,,1.22%,,
"Mar 31 2005",,,0.540603,0.541045,0.178365,-0.076180,-3.729130,,-3.396521,,-3.918858,,-3.92%,,
"Apr 30 2005",,,-2.117904,-2.118105,1.171730,1.115456,1.045422,,1.721749,,2.248626,,2.25%,,
"May 31 2005",,,2.976589,2.977019,1.710653,1.220372,0.136257,,3.083553,,4.922334,,4.92%,,
"Jun 30 2005",,,3.629658,3.629733,1.464841,1.079884,-1.281211,,-2.281740,,1.666091,,1.67%,,
"Jul 31 2005",,,5.430513,5.429910,-0.369876,-0.512749,3.249207,,3.785975,,5.889686,,5.89%,,
"Aug 31 2005",,,2.754292,2.754200,1.253826,0.838577,-0.668341,,-4.012820,,0.186988,,0.19%,,
"Sep 30 2005",,,3.457925,3.459586,-0.847787,-0.831863,1.729251,,-1.538508,,3.272449,,3.27%,,
"Oct 31 2005",,,-5.500668,-5.502674,-1.035127,-0.852776,-0.697874,,-0.090128,,-7.629105,,-7.63%,,
"Nov 30 2005",,,5.202596,4.512738,0.892195,0.289663,2.256145,,4.843723,,7.799838,,7.80%,,
"Dec 31 2005",,,4.269915,4.077412,0.734393,0.113626,4.886328,,-0.321159,,4.037909,,4.04%,,
"Jan 31 2006",,,5.992402,6.008038,-0.677556,0.144967,3.104753,,2.325567,,4.309848,,4.31%,,
"Feb 28 2006",,,-2.012275,-1.886747,0.510175,0.139310,0.398945,,0.443502,,1.315715,,1.32%,,
"Mar 31 2006",,,3.908972,3.729445,-0.324714,0.129585,4.510916,,1.399163,,0.456435,,0.46%,,
"Apr 30 2006",,,0.869793,0.452705,-0.962721,-0.049864,0.616541,,1.162996,,-3.482680,,-3.48%,,
"May 31 2006",,,-3.566060,-3.927611,0.355519,0.248584,-5.639762,,-3.085972,,0.292351,,0.29%,,
"Jun 30 2006",,,-0.840384,-0.352868,-0.479241,-0.170077,1.128408,,0.243233,,1.578603,,1.58%,,
"Jul 31 2006",,,1.998953,2.212982,1.995471,1.103775,0.645131,,0.288035,,3.340823,,3.34%,,
"Aug 31 2006",,,2.232834,2.339659,1.700838,0.874223,2.695475,,2.044280,,2.793873,,2.79%,,
"Sep 30 2006",,,-2.319338,-1.116076,1.024525,0.564610,1.566833,,2.508242,,4.803246,,4.80%,,
"Oct 31 2006",,,5.054133,4.546244,0.335509,0.215488,2.586658,,3.124845,,2.066819,,2.07%,,
"Nov 30 2006",,,3.480963,4.263559,1.069602,0.664129,0.215584,,1.892422,,3.304440,,3.30%,,
"Dec 31 2006",,,1.473168,1.633078,-0.760353,-0.123195,4.139703,,1.240791,,0.987610,,0.99%,,
"Jan 31 2007",,,1.129252,0.768791,-0.155763,0.111306,2.649679,,1.358923,,4.246489,,4.25%,,
"Feb 28 2007",,,0.238559,-0.375752,1.254548,0.688528,-1.344940,,-1.974751,,5.501754,,5.50%,,
"Mar 31 2007",,,1.148897,1.370690,-0.278001,0.162940,2.333160,,1.011394,,-4.710979,,-4.71%,,
"Apr 30 2007",,,2.042788,1.814924,-0.061248,-0.002392,2.252897,,4.021496,,2.353493,,2.35%,,
"May 31 2007",,,4.944415,5.267998,-1.444854,-0.738998,3.664090,,3.152995,,0.061209,,0.06%,,
"Jun 30 2007",,,-0.829249,-0.381134,-0.277844,0.280989,-0.662215,,-1.710872,,-4.313502,,-4.31%,,
"Jul 31 2007",,,-0.144580,0.065061,0.058960,0.212022,-4.062791,,-3.262234,,-4.087212,,-4.09%,,
"Aug 31 2007",,,-1.310636,-0.595635,0.844242,0.788318,-0.433432,,1.222351,,1.915057,,1.92%,,
"Sep 30 2007",,,3.413456,3.209726,0.678683,0.707950,2.130008,,3.695675,,2.500048,,2.50%,,
"Oct 31 2007",,,3.869716,3.976314,0.644103,0.262073,2.688324,,1.296367,,-3.987040,,-3.99%,,
"Nov 30 2007",,,-6.204764,-5.769440,1.392578,0.942155,-4.666082,,-4.307462,,-3.150067,,-3.15%,,
"Dec 31 2007",,,1.329909,1.499181,0.628713,0.288395,-2.164902,,-0.915245,,-1.631517,,-1.63%,,
"Jan 31 2008",,,-4.720828,-4.289770,0.543761,1.511558,-9.928810,,-6.302441,,-5.901562,,-5.90%,,
"Feb 29 2008",,,3.408507,3.065238,1.324871,1.130013,-3.168260,,-2.697564,,-0.173376,,-0.17%,,
"Mar 31 2008",,0.279399,-1.427424,-1.220539,0.922524,0.407839,-2.497601,,-0.856945,,0.081501,,0.08%,,
"Apr 30 2008",,0.249399,4.540954,5.573545,-0.523667,0.057814,7.178805,,4.938200,,2.602084,,2.60%,,
"May 31 2008",,0.239399,5.758869,6.535334,-0.162581,-0.208943,1.448095,,1.198999,,2.648834,,2.65%,,
"Jun 30 2008",,0.239399,-1.443031,-1.489689,-0.087731,-0.221670,-10.136495,,-8.625609,,-4.959025,,-4.96%,,
"Jul 31 2008",,0.229399,-5.850570,-5.787156,0.923616,1.072934,-2.296309,,-0.657248,,-1.402738,,-1.40%,,
"Aug 31 2008",,0.219399,1.512060,1.406063,0.646375,0.726890,0.704914,,1.562069,,4.704543,,4.70%,,
"Sep 30 2008",,0.229399,-14.346213,-13.676537,-2.002969,-0.669606,-9.194848,,-8.444834,,-8.702188,,-8.70%,,
"Oct 31 2008",,0.229399,-16.608714,-16.111294,-0.866961,1.073682,-18.123648,,-21.096137,,-21.545911,,-21.55%,,
"Nov 30 2008",,0.199399,-4.730865,-4.493291,2.424318,1.337199,-6.036292,,-7.462402,,-10.084038,,-10.08%,,
"Dec 31 2008",,0.179400,-2.576047,-3.380494,2.921786,1.562519,4.032325,,0.868845,,-1.077640,,-1.08%,,
"Jan 31 2009",,0.127833,-2.959659,-3.145100,-1.037389,-0.308271,-10.098663,,-8.577517,,0.161176,,0.16%,,
"Feb 28 2009",,0.067835,-6.280277,-6.172408,0.708176,0.823527,-7.903731,,-10.843624,,-7.495252,,-7.50%,,
"Mar 31 2009",,0.047835,7.669299,8.283701,1.759161,1.139301,6.072084,,7.864092,,-1.044639,,-1.04%,,
"Apr 30 2009",,0.027836,7.193884,7.219468,0.021371,0.642053,9.625653,,9.758863,,8.026707,,8.03%,,
"May 31 2009",,0.017836,11.338497,11.980256,-0.208336,-0.316167,6.085217,,5.373067,,14.534733,,14.53%,,
"Jun 30 2009",,0.007836,0.345333,-0.103082,1.300069,0.315968,-1.508533,--,-0.290988,,3.195327,,,,
"Jul 31 2009",,0.017836,4.168776,4.091093,0.666139,0.508492,8.139823,3.118876,6.944861,,4.970099,,4.97%,,
"Aug 31 2009",,0.017836,0.921228,-0.115371,1.038974,0.592762,3.529238,0.411260,3.819306,,8.043570,,8.04%,,
"Sep 30 2009",,0.017836,5.101783,4.523173,0.900913,0.482521,2.140729,7.624237,3.343427,,7.925743,,7.93%,,
"Oct 31 2009",,0.007836,-4.055601,-4.641704,-0.072496,0.215061,-3.579004,-3.125903,-1.886634,,-2.728554,,-2.73%,,
"Nov 30 2009",,0.007836,5.115769,5.226582,1.275435,0.975763,2.041661,5.570288,6.009728,,1.364894,,1.36%,,
"Dec 31 2009",,0.007836,2.894468,2.171230,-1.426709,-0.794558,4.357879,2.538398,1.612499,,8.648263,,8.65%,,
"Jan 31 2010",,0.018592,-5.346570,-6.255789,1.777612,1.082625,-4.229431,-6.297588,-3.413425,,2.120457,,2.12%,,
"Feb 28 2010",,0.008592,4.936705,5.062503,0.138330,0.174707,1.410791,1.002975,2.954966,,1.251782,,1.25%,,
"Mar 31 2010",,0.008592,3.775447,4.079954,-0.746599,-0.889873,7.231894,3.757923,5.732216,,0.170734,,0.17%,,
"Apr 30 2010",,0.018592,1.639654,1.527437,-0.121601,-0.303236,-2.284442,-0.341504,1.600026,,2.571721,,2.57%,,
"May 31 2010",,0.018592,-3.487812,-3.240240,1.136997,0.495021,-6.942961,-6.128725,-8.428615,,-2.845450,,-2.85%,,
"Jun 30 2010",,0.018592,-3.717587,-4.023246,1.798035,1.447979,-4.151575,-0.252598,-5.331684,,1.860132,,1.86%,,
"Jul 31 2010",,0.028591,3.920356,3.706541,0.447183,0.432062,6.887064,7.502653,6.827476,,6.538361,,6.54%,,
"Aug 31 2010",,0.038591,1.869572,1.461714,1.949076,1.046216,-3.489197,0.199586,-4.578095,,5.398465,,5.40%,,
"Sep 30 2010",,0.048591,4.057426,3.259165,0.666116,0.044139,5.389041,7.471437,8.614784,,5.518156,,5.52%,,
"Oct 31 2010",,0.058591,2.679860,2.037007,0.191726,0.223487,2.021740,2.199145,3.793719,,1.003277,,1.00%,,
"Nov 30 2010",,0.068591,2.340401,1.980908,-1.152532,-0.672447,-0.911390,-2.051341,0.032853,,-3.828095,,-3.83%,,
"Dec 31 2010",,0.068591,4.054079,3.960334,0.147577,0.122330,4.837748,3.610936,6.586027,,0.734713,,0.73%,,
"Jan 31 2011",,0.067251,0.960664,1.449892,-0.502778,0.209847,1.388117,-3.167263,2.338124,,4.244533,,4.24%,,
"Feb 28 2011",,0.057251,4.405557,4.536100,0.193991,-0.176819,2.571663,-2.620134,3.425052,,4.571043,,4.57%,,
"Mar 31 2011",,0.067251,0.092407,-0.268166,-0.071861,0.142206,-2.972639,6.121728,-0.023847,,5.111710,,5.11%,,
"Apr 30 2011",,0.067251,-1.030390,-1.191697,0.841422,0.559190,1.564820,0.156742,2.893547,,-0.934072,,-0.93%,,
"May 31 2011",,0.067251,-0.889812,-0.979407,1.507184,0.668779,-0.695773,-0.860763,-1.115832,--,1.108116,,,,
"Jun 30 2011",,0.067251,-3.339652,-2.888345,0.091134,0.244532,-1.407828,-1.496863,-1.628819,-1.879311,-0.480293,,-0.48%,,
"Jul 31 2011",,0.067251,-2.514563,-3.822668,2.038901,0.887262,-4.321300,-2.076636,-2.077479,1.682427,0.488976,,0.49%,,
"Aug 31 2011",,0.067251,-1.303965,-0.561049,1.145951,0.713549,-8.602817,-7.149576,-5.399181,-5.095019,-1.054995,,-1.05%,,
"Sep 30 2011",,0.067251,-8.588838,-8.081449,1.767501,0.656570,-5.777830,-12.518045,-7.264243,-4.695605,0.314420,,0.31%,,
"Oct 31 2011",,0.087250,5.566263,4.828257,-0.464365,-0.168365,6.226056,10.883879,10.320655,10.105634,1.385523,,1.39%,,
"Nov 30 2011",,0.057251,-0.241870,-0.216287,0.812618,0.132089,0.327931,0.450595,-0.458676,-2.591344,2.706866,,2.71%,,
"Dec 31 2011",,0.067251,-1.712975,-1.767895,1.681760,0.471509,-0.933677,-4.380660,1.156497,-0.659473,1.960985,,1.96%,,
"Jan 31 2012",,0.069020,4.331982,4.337696,0.466987,0.231474,3.848252,9.347130,4.555801,8.270925,1.807320,,1.81%,,
"Feb 29 2012",,0.063270,1.648084,1.454839,-0.404606,-0.186031,4.670353,3.285714,4.172456,6.339135,3.413172,,3.41%,,
"Mar 31 2012",,0.066029,-1.647313,-1.289689,-0.355851,-0.098206,1.322218,-1.672782,3.284138,5.149930,0.027969,,0.03%,,
"Apr 30 2012",,0.068412,-0.612965,-0.799202,0.066968,-0.146970,-2.889546,-2.862580,-0.612914,-1.060085,3.317971,,3.32%,,
"May 31 2012",,0.069712,-6.146979,-5.987724,2.100789,0.856451,-7.232622,-6.342472,-6.248752,-7.469241,0.128940,,0.13%,,
"Jun 30 2012",,0.066406,1.077757,1.447980,0.011471,0.152289,4.855743,3.396420,4.140801,3.601003,2.098246,,2.10%,,
"Jul 31 2012",,0.072828,0.776599,0.487676,0.605251,0.124314,0.429194,-1.866640,1.321689,1.066927,3.620686,,3.62%,,
"Aug 31 2012",,0.068385,2.624439,2.886788,-0.095595,0.115924,2.135706,-1.148252,2.404807,5.050899,-0.504582,,-0.50%,,
"Sep 30 2012",,0.062852,3.401795,3.180713,0.642032,0.396407,1.343577,4.871127,2.275409,1.039384,0.620652,,0.62%,,
"Oct 31 2012",,0.074173,1.042031,1.455521,-0.226382,0.086787,1.473570,1.054527,-1.995789,-5.418748,-1.514030,,-1.51%,,
"Nov 30 2012",,0.067801,-1.301968,-1.087165,0.595858,0.240856,3.369209,1.042666,0.820502,1.398992,-1.634481,,-1.63%,,
"Dec 31 2012",,0.069347,1.920280,1.928556,-0.171170,-0.063537,4.128652,6.908993,0.961195,-0.535032,3.977418,,3.98%,,
"Jan 31 2013",,0.070000,2.221338,2.176221,-0.764321,0.000159,4.394853,0.013472,5.219963,2.671430,0.727153,,0.73%,,
"Feb 28 2013",,0.060000,1.234947,1.637429,0.975238,0.685665,1.472532,0.566065,1.386769,0.475532,1.038749,,1.04%,,
"Mar 31 2013",,0.060000,-0.211826,-0.617829,0.430572,0.147463,2.263259,-2.167941,3.622662,2.970285,-0.268878,,-0.27%,,
"Apr 30 2013",,0.070000,-2.081746,-2.573657,1.087776,0.328238,4.233496,0.175663,1.948623,2.483779,4.966571,,4.97%,,
"May 31 2013",,0.070000,1.748122,2.379912,-1.473791,-0.390621,0.017632,-2.189813,2.500270,3.615127,-5.815793,,-5.82%,,
"Jun 30 2013",,0.060000,-3.761110,-3.872484,-2.054252,-0.578778,-3.021980,-3.422814,-1.549812,-2.348529,-6.137360,,-6.14%,,
"Jul 31 2013",,0.070000,3.151748,2.988345,0.170131,0.372605,4.105693,-1.541443,5.255839,6.141650,-2.878988,,-2.88%,,
"Aug 31 2013",,0.070000,1.522430,1.923023,-0.633725,-0.106270,-2.077378,0.157552,-3.022438,-0.278099,-3.040391,,-3.04%,,
"Sep 30 2013",,0.070000,1.353382,1.111953,0.456288,0.310289,5.017342,4.421403,3.133586,4.656403,2.862554,,2.86%,,
"Oct 31 2013",,0.070000,4.689549,4.936121,1.047999,0.629727,3.298956,5.647416,4.724358,5.093821,2.984115,,2.98%,,
"Nov 30 2013",,0.060000,0.451230,0.737528,-0.262240,0.204411,1.323434,1.248191,3.059106,3.574400,-1.841132,,-1.84%,,
"Dec 31 2013",,0.070000,1.981174,1.800498,-0.431340,-0.104502,1.899650,-0.291735,2.546577,3.083803,1.891825,,1.89%,,
"Jan 31 2014",,0.070000,0.785455,0.512774,2.574121,0.889121,-4.622294,-4.050664,-3.605904,-1.963584,0.548987,,0.55%,,
"Feb 28 2014",,0.060000,3.897272,3.662371,0.331592,0.132068,4.209701,2.630466,4.590646,5.105342,3.367311,,3.37%,,
"Mar 31 2014",,0.070000,1.208661,1.214920,-0.242581,-0.048258,-0.234963,3.520801,0.864779,-2.600444,1.613938,,1.61%,,
"Apr 30 2014",,0.060000,2.414221,2.301904,0.500880,0.246500,1.082563,0.253026,0.786762,-0.300549,1.689672,,1.69%,,
"May 31 2014",,0.060000,-0.166887,0.007557,1.211259,0.327582,2.370261,1.853103,2.325373,4.492351,1.116072,,1.12%,,
"Jun 30 2014",,0.070000,4.046862,3.859856,0.210505,0.045598,-0.195764,0.315776,2.052586,3.056461,0.910609,,0.91%,,
"Jul 31 2014",,0.060000,1.414209,2.314310,0.623053,0.152190,-0.788485,3.590536,-1.347319,1.219680,-0.165177,,-0.17%,,
"Aug 31 2014",,0.070000,2.080027,1.702515,1.039641,0.215444,1.309863,2.450757,4.006516,5.081772,2.179690,,2.18%,,
"Sep 30 2014",,0.070000,-3.985333,-3.532308,-0.688471,-0.071869,0.151806,-4.985234,-1.409940,-0.742835,-3.038329,,-3.04%,,
"Oct 31 2014",,0.070000,-2.067736,-1.428770,0.559618,0.292766,0.972162,2.309353,2.480746,2.774324,3.921880,,3.92%,,
"Nov 30 2014",,0.060000,1.059641,1.721309,1.527816,0.460969,2.098437,-0.430459,2.877868,4.529332,0.486506,,0.49%,,
"Dec 31 2014",,0.070000,-0.439791,-0.661798,0.538737,0.124222,-1.997126,-2.705889,-0.301992,-2.341039,-3.114156,,-3.11%,,
"Jan 31 2015",,0.060000,0.548545,0.565644,4.587801,1.927429,3.236445,8.717201,-3.117040,-2.237130,9.306824,,9.31%,,
"Feb 28 2015",,0.050000,3.960694,3.969166,-0.149992,-0.041347,6.525544,2.684956,5.603938,7.099163,-0.058595,,-0.06%,,
"Mar 31 2015",,0.050000,-1.880423,-2.093826,-0.341606,-0.050475,1.471914,0.023481,-1.638740,-2.356270,-1.357534,,-1.36%,,
"Apr 30 2015",,0.040000,2.416306,2.270398,-1.400730,-0.472004,0.736479,2.185564,0.996692,1.846059,1.205079,,1.21%,,
"May 31 2015",,0.040000,-1.217231,-1.167476,0.177366,0.376658,2.340085,-1.180866,1.358886,2.310009,-5.208922,,-5.21%,,
"Jun 30 2015",,0.040000,-2.776897,-2.835711,-0.587505,0.233321,-4.991921,-3.023708,-2.010076,-2.393035,-1.072617,,-1.07%,,
"Jul 31 2015",,0.040000,-0.310102,0.959928,1.400741,0.353245,3.663712,-2.374279,2.356761,4.614143,0.250042,,0.25%,,
"Aug 31 2015",,0.033616,-4.036561,-4.303580,-1.068483,-0.215016,-7.922850,-6.768458,-6.254918,-6.848207,-5.410516,,-5.41%,,
"Sep 30 2015",,0.024853,-3.677718,-3.506052,-0.280374,-0.214996,-4.115927,-2.360697,-2.603250,-2.202587,1.606245,,1.61%,,
"Oct 31 2015",,0.023892,1.944582,1.573813,-0.288567,-0.019712,6.521097,3.805901,8.219021,10.871983,0.784817,,0.78%,,
"Nov 30 2015",,0.028571,-0.233432,-0.161319,0.060191,-0.027817,2.092470,-0.786586,0.404567,0.503439,-1.004729,,-1.00%,,
"Dec 31 2015",,0.030675,-3.064591,-3.115428,1.122858,0.480498,-3.921158,0.084923,-1.925814,-1.599387,-3.540844,,-3.54%,,
"Jan 31 2016",,0.030851,-1.158300,-0.987466,0.339871,0.192375,-4.064056,-3.753120,-5.078387,-6.939168,0.960151,,0.96%,,
"Feb 29 2016",,0.035963,0.471894,0.202646,0.160771,-0.180520,-4.994443,-4.586389,-0.145485,-1.683017,2.881965,,2.88%,,
"Mar 31 2016",,0.035840,5.260000,5.030000,0.800000,0.330000,2.960000,7.890000,6.460000,6.450000,6.370000,,6.37%,,
"Apr 30 2016",,0.034588,3.660553,3.411387,-0.088931,-0.145649,0.639805,-2.770155,0.330314,-3.053605,2.376226,,2.38%,,
"May 31 2016",,0.039865,0.991794,0.818455,0.855476,0.307732,2.769476,0.596595,1.796270,4.543906,0.882799,,0.88%,,
"Jun 30 2016",,0.037188,0.340973,-0.061917,1.769912,0.429597,-3.167528,3.638126,0.257044,-2.326776,5.941508,,5.94%,,
"Jul 31 2016",,0.034746,3.894828,3.867251,0.822350,0.129200,3.716347,5.868875,3.635374,7.106600,1.948946,,1.95%,,
"Aug 31 2016",,0.040391,0.265441,0.599067,0.065104,0.027074,1.486455,1.441421,0.123216,0.997383,-4.993416,,-4.99%,,
"Sep 30 2016",,0.035638,1.216922,1.176171,0.216479,0.232320,0.490909,2.682662,-0.078010,2.184259,-0.615697,,-0.62%,,
"Oct 31 2016",,0.035767,0.613364,1.368243,-0.951432,-0.005858,1.038295,1.124668,-1.833061,-1.562333,-2.397999,,-2.40%,,
"Nov 30 2016",,0.034582,2.188464,2.455114,-2.076673,-0.499058,1.407630,-4.106718,3.644913,0.342682,-0.668033,,-0.67%,,
"Dec 31 2016",,0.034930,1.656019,1.612550,-0.512842,-0.061297,3.653337,-0.683819,2.004570,1.071427,3.634149,,3.63%,,
"Jan 31 2017",,0.039080,0.844112,1.216244,-0.173260,0.168432,0.533476,3.682541,1.643720,5.036203,-0.040578,,-0.04%,,
"Feb 28 2017",,0.033944,0.208755,-0.085213,0.935795,0.315639,1.960255,3.347943,3.958649,4.332973,3.324768,,3.32%,,
"Mar 31 2017",,0.038535,1.332307,1.250320,0.391059,0.120338,3.018995,4.397895,0.021652,2.001191,0.221938,,0.22%,,
"Apr 30 2017",,0.036988,0.435153,0.560698,1.415289,0.378583,1.358837,4.261136,0.939886,2.745824,1.402606,,1.40%,,
"May 31 2017",,0.044313,-1.319804,-1.200047,0.830831,0.149920,2.045805,1.591429,1.342430,3.707265,-0.391977,,-0.39%,,
"Jun 30 2017",,0.038307,-0.754116,-1.181634,-1.165262,-0.983226,-0.457947,-3.025417,0.518305,-2.388971,-1.166570,,-1.17%,,
"Jul 31 2017",,0.044312,-0.064750,0.035327,-1.941770,-0.438905,0.471124,1.897635,1.927491,3.926506,-1.428432,,-1.43%,,
"Aug 31 2017",,0.052533,0.665620,0.352114,1.426734,0.431033,0.031211,2.610341,0.212256,1.920712,1.540708,,1.54%,,
"Sep 30 2017",,0.058073,3.051347,3.520790,-1.346550,-0.474590,2.594449,-0.294809,1.897709,-0.188449,-0.037650,,-0.04%,,
"Oct 31 2017",,0.075043,2.724865,3.005766,1.627799,0.590791,3.315727,6.452811,2.386297,4.646615,1.989689,,1.99%,,
"Nov 30 2017",,0.073019,0.469757,0.699668,0.797788,0.141788,-0.803801,-0.452178,3.097316,1.986536,2.153293,,2.15%,,
"Dec 31 2017",,0.074098,1.191621,1.108300,-0.405933,-0.459030,0.893447,0.682785,1.033991,0.378129,1.395375,,1.40%,,
"Jan 31 2018",,0.089471,-1.397578,-1.409736,-0.828296,-0.246030,1.286652,6.030445,5.466060,8.433069,0.137067,,0.14%,,
"Feb 28 2018",,0.083242,-3.010541,-3.079233,0.139822,0.266421,-3.607197,-1.721374,-3.973599,-1.348239,-1.019102,,-1.02%,,
"Mar 31 2018",,0.090980,-0.156737,-0.213043,0.772593,0.177418,-1.153552,1.153048,-2.648887,-4.055857,2.108034,,2.11%,,
"Apr 30 2018",,0.104774,1.815315,1.640316,-0.892447,-0.089208,3.629438,-3.375098,0.284377,0.304532,0.010431,,0.01%,,
"May 31 2018",,0.104776,3.116238,3.325307,0.812746,0.160493,-0.205224,-1.471151,2.345002,5.604871,3.053582,,3.05%,,
"Jun 30 2018",,0.101715,1.694184,1.910527,0.573573,0.227898,-0.840187,-3.293296,0.417329,0.980043,1.463176,,1.46%,,
"Jul 31 2018",,0.112659,1.154464,1.653856,-0.777348,-0.168096,3.047883,2.462574,3.610242,2.637357,1.170814,,1.17%,,
"Aug 31 2018",,0.116142,-0.813018,-1.192559,0.776279,0.354387,-1.858462,-3.626315,3.161049,5.891587,2.555908,,2.56%,,
"Sep 30 2018",,0.111266,-0.881497,-1.131911,-0.990152,-0.214380,1.621873,-1.449488,0.411247,-0.379966,-0.379190,,-0.38%,,
"Oct 31 2018",,0.134784,-6.257824,-5.726602,-0.644682,-0.123523,-6.501852,-7.307483,-6.915075,-8.855663,-1.716118,,-1.72%,,
"Nov 30 2018",,0.132257,1.389383,2.261365,1.028802,0.595423,0.557728,6.160000,1.898591,-0.170578,1.903362,,1.90%,,
"Dec 31 2018",,0.144538,-5.388260,-5.546634,1.343458,0.861524,-6.596915,-1.053615,-9.270536,-9.156992,-3.467217,,-3.47%,,
"Jan 31 2019",,0.148625,8.711042,8.345454,1.350425,0.678707,5.513586,6.078808,7.511329,8.645872,7.348368,,7.35%,,
"Feb 28 2019",,0.135224,3.147473,2.819994,0.173932,0.201378,3.529791,-1.257747,3.146176,2.816726,3.758011,,3.76%,,
"Mar 31 2019",,0.134622,1.016707,0.947834,2.349958,0.845423,1.747098,2.575407,1.803547,3.966784,3.752549,,3.75%,,
"Apr 30 2019",,0.141247,3.217379,3.913007,-0.124353,0.237518,3.588982,3.048552,3.921654,5.421099,-3.380848,,-3.38%,,
"May 31 2019",,0.132773,-3.053084,-3.082751,1.704931,0.520321,-4.754742,-6.869036,-6.389559,-8.416595,1.612337,,1.61%,,
"Jun 30 2019",,0.118351,2.521254,2.207661,0.927868,0.146066,4.028535,2.508952,6.590321,7.369226,0.130343,,0.13%,,
"Jul 31 2019",,0.137562,0.351740,0.219672,0.136620,-0.033780,0.111046,-2.187686,1.440082,2.260398,1.504249,,1.50%,,
"Aug 31 2019",,0.126615,0.442218,0.503462,1.889106,0.669041,-1.645015,-2.641750,-1.749358,-2.018330,4.052700,,4.05%,,
"Sep 30 2019",,0.131891,1.689741,1.942192,-0.858256,-0.396933,3.871678,1.315758,1.812031,0.735502,2.636459,,2.64%,,
"Oct 31 2019",,0.129374,-0.847221,-0.950236,-0.165392,0.227614,1.608232,3.416679,2.077022,4.236096,-0.458532,,-0.46%,,
"Nov 30 2019",,0.121086,3.588083,3.461290,0.513710,0.069862,2.244893,0.956304,3.675240,4.079665,1.811927,,1.81%,,
"Dec 31 2019",,0.135229,0.455614,-0.064704,-1.206484,-0.162768,1.074893,4.805172,2.734974,3.823433,-2.251656,,-2.25%,,
"Jan 31 2020",,0.132179,1.746209,2.034647,2.917046,1.042561,-1.874244,-4.286781,-0.019009,3.010615,4.347669,,4.35%,,
"Feb 29 2020",,0.119574,-5.884500,-5.685501,0.692477,0.643825,-6.751757,-2.339999,-8.603454,-5.917006,-3.344442,,-3.34%,,
"Mar 31 2020",,0.112166,-17.314352,-15.264676,-2.101992,0.100342,-14.037622,-10.677367,-13.136209,-8.088425,-27.245579,,-27.25%,,
"Apr 30 2020",,0.065106,10.767179,9.067302,3.809789,1.326428,4.747559,4.751136,12.327723,14.786409,6.406570,,6.41%,,
"May 31 2020",,0.024693,3.029675,3.100760,0.307497,0.277137,5.138741,2.463278,4.781652,6.210381,-2.109751,,-2.11%,,
"Jun 30 2020",,0.010958,2.458839,2.180283,1.687377,0.509973,2.553976,4.940422,1.789307,6.197774,2.812996,,2.81%,,
"Jul 31 2020",,0.000794,4.477028,4.011925,1.294093,0.482424,-2.197444,6.446057,5.707195,7.201289,1.081353,,1.08%,,
"Aug 31 2020",,0.003668,2.338488,2.453258,-1.159621,0.066039,3.670457,0.069215,6.767428,10.740267,-1.818160,,-1.82%,,
"Sep 30 2020",,0.001748,-2.059991,-2.035105,0.309549,0.154000,-0.424233,1.472595,-3.933641,-5.830412,-0.860732,,-0.86%,,
"Oct 31 2020",,0.000730,-3.106401,-3.688472,-0.751513,0.012390,-3.431322,1.213788,-2.517862,-3.202852,-2.403544,,-2.40%,,
"Nov 30 2020",,0.000840,10.538894,10.392559,1.018264,0.217893,11.840534,5.916153,10.594192,10.802755,17.631010,,17.63%,,
"Dec 31 2020",,0.000918,1.723386,1.400207,0.379335,0.241099,2.717946,5.137870,3.614186,4.935457,-2.655886,,-2.66%,,
"Jan 31 2021",,0.000576,-0.267690,-0.470536,-1.122735,0.115615,-0.069670,3.443675,-1.049235,0.273572,0.267199,,0.27%,1.003,0.27%
"Feb 28 2021",,0.000460,4.372737,4.773701,-2.539621,-0.813177,2.606487,-0.120945,2.736868,-0.068713,3.880622,,3.88%,1.042,4.16%
"Mar 31 2021",,0.000698,3.854807,4.381043,-1.507904,0.087627,5.322354,-1.436812,4.443240,1.403483,4.706318,,4.71%,1.091,9.06%
"Apr 30 2021",,0.000334,2.379287,2.169486,0.045656,0.168260,1.227797,-0.944839,5.154542,5.709446,4.573691,,4.57%,1.140,14.05%
"May 31 2021",,0.000582,3.431152,3.799354,0.614312,0.069885,2.302242,-0.187842,0.647821,-1.182642,2.660994,,2.66%,1.171,17.08%
"Jun 30 2021",,-0.000008,2.474732,2.722189,0.979466,-0.195203,1.234475,3.390433,2.264704,6.518519,3.412226,,3.41%,1.211,21.08%
"Jul 31 2021",,0.000054,0.798125,0.825936,1.018763,0.360837,0.451299,-5.680759,2.452098,2.799994,4.571155,,4.57%,1.266,26.61%
"Aug 31 2021",,0.000206,1.625061,1.386658,-0.157078,0.037477,1.967381,2.803370,3.047097,4.246475,1.062520,,1.06%,1.280,27.96%
"Sep 30 2021",,0.000000,-2.222733,-2.012915,-1.386127,-0.346784,-1.597892,-3.636014,-4.748538,-5.727925,-3.127699,,-3.13%,1.240,23.96%
"Oct 31 2021",,0.000128,4.997061,5.349093,-1.063404,-1.101980,2.894218,-1.114831,6.871075,7.738531,5.980883,,5.98%,1.314,31.37%
"Nov 30 2021",,0.000116,-1.622425,-1.146637,0.841821,0.210645,-2.382340,-0.746029,-0.750992,1.918075,-4.104541,,-4.10%,1.260,25.98%
"Dec 31 2021",,0.000294,3.045589,3.403624,1.686778,0.373852,3.354684,-0.254977,4.412973,1.099611,6.527308,,6.53%,1.342,34.20%
